Tiempo [Seg.],Velocidad angular [rad /seg],Corriente en armadura [A],Tensi√≥n [V],Torque
0.8,0,0.0,0.0,0.0
1.6,0.0,0.0,0,0.0
2.4,0.0,0.0,0,0.0
3.2,0.0,0.0,0,0.0
4.0,0.0,0.0,0,0.0
4.8,0.0,0.0,0,0.0
5.6,0.0,0.0,0,0.0
6.3999999999999995,0.0,0.0,0,0.0
7.199999999999999,0.0,0.0,0,0.0
7.999999999999999,0.0,0.0,0,0.0
8.799999999999999,0.0,0.0,0,0.0
9.6,0.0,0.0,0,0.0
10.4,0.0,0.0,0,0.0
11.200000000000001,0.0,0.0,0,0.0
12.000000000000002,0.0,0.0,0,0.0
12.800000000000002,0.0,0.0,0,0.0
13.600000000000003,0.0,0.0,0,0.0
14.400000000000004,0.0,0.0,0,0.0
15.200000000000005,0.0,0.0,0,0.0
16.000000000000004,0.0,0.0,0,0.0
16.800000000000004,0.0,0.0,0,0.0
17.600000000000005,0.0,0.0,0,0.0
18.400000000000006,0.0,0.0,0,0.0
19.200000000000006,0.0,0.0,0,0.0
20.000000000000007,0.0,0.0,0,0.0
20.800000000000008,0.0,0.0,0,0.0
21.60000000000001,0.0,0.0,0,0.0
22.40000000000001,0.0,0.0,0,0.0
23.20000000000001,0.0,0.0,0,0.0
24.00000000000001,0.0,0.0,0,0.0
24.80000000000001,0.0,0.0,0,0.0
25.600000000000012,0.0,0.0,0,0.0
26.400000000000013,0.0,0.0,0,0.0
27.200000000000014,0.0,0.0,0,0.0
28.000000000000014,0.0,0.0,0,0.0
28.800000000000015,0.0,0.0,0,0.0
29.600000000000016,0.0,0.0,0,0.0
30.400000000000016,0.0,0.0,0,0.0
31.200000000000017,0.0,0.0,0,0.0
32.000000000000014,0.0,0.0,0,0.0
32.80000000000001,0.0,0.0,0,0.0
33.60000000000001,0.0,0.0,0,0.0
34.400000000000006,0.0,0.0,0,0.0
35.2,0.0,0.0,0,0.0
36.0,0.0,0.0,0,0.0
36.8,0.0,0.0,0,0.0
37.599999999999994,0.0,0.0,0,0.0
38.39999999999999,0.0,0.0,0,0.0
39.19999999999999,0.0,0.0,0,0.0
39.999999999999986,0.0,0.0,0,0.0
40.79999999999998,0.0,0.0,0,0.0
41.59999999999998,0.0,0.0,0,0.0
42.39999999999998,0.0,0.0,0,0.0
43.199999999999974,0.0,0.0,0,0.0
43.99999999999997,0.0,0.0,0,0.0
44.79999999999997,0.0,0.0,0,0.0
45.599999999999966,0.0,0.0,0,0.0
46.39999999999996,0.0,0.0,0,0.0
47.19999999999996,0.0,0.0,0,0.0
47.99999999999996,0.0,0.0,0,0.0
48.799999999999955,0.0,0.0,0,0.0
49.59999999999995,0.0,0.0,0,0.0
50.39999999999995,0.0,0.0,0,0.0
51.199999999999946,0.0,0.0,0,0.0
51.99999999999994,0.0,0.0,0,0.0
52.79999999999994,0.0,0.0,0,0.0
53.59999999999994,0.0,0.0,0,0.0
54.399999999999935,0.0,0.0,0,0.0
55.19999999999993,0.0,0.0,0,0.0
55.99999999999993,0.0,0.0,0,0.0
56.799999999999926,0.0,0.0,0,0.0
57.59999999999992,0.0,0.0,0,0.0
58.39999999999992,0.0,0.0,0,0.0
59.19999999999992,0.0,0.0,0,0.0
59.999999999999915,0.0,0.0,0,0.0
60.79999999999991,0.0,0.0,0,0.0
61.59999999999991,0.0,0.0,0,0.0
62.399999999999906,0.0,0.0,0,0.0
63.1999999999999,0.0,0.0,0,0.0
63.9999999999999,0.0,0.0,0,0.0
64.7999999999999,0.0,0.0,0,0.0
65.5999999999999,0.0,0.0,0,0.0
66.39999999999989,0.0,0.0,0,0.0
67.19999999999989,0.0,0.0,0,0.0
67.99999999999989,0.0,0.0,0,0.0
68.79999999999988,0.0,0.0,0,0.0
69.59999999999988,0.0,0.0,0,0.0
70.39999999999988,0.0,0.0,0,0.0
71.19999999999987,0.0,0.0,0,0.0
71.99999999999987,0.0,0.0,0,0.0
72.79999999999987,0.0,0.0,0,0.0
73.59999999999987,0.0,0.0,0,0.0
74.39999999999986,0.0,0.0,0,0.0
75.19999999999986,0.0,0.0,0,0.0
75.99999999999986,0.0,0.0,0,0.0
76.79999999999986,0.0,0.0,0,0.0
77.59999999999985,0.0,0.0,0,0.0
78.39999999999985,0.0,0.0,0,0.0
79.19999999999985,0.0,0.0,0,0.0
79.99999999999984,0.0,0.0,0,0.0
80.79999999999984,0.0,0.0,0,0.0
81.59999999999984,0.0,0.0,0,0.0
82.39999999999984,0.0,0.0,0,0.0
83.19999999999983,0.0,0.0,0,0.0
83.99999999999983,0.0,0.0,0,0.0
84.79999999999983,0.0,0.0,0,0.0
85.59999999999982,0.0,0.0,0,0.0
86.39999999999982,0.0,0.0,0,0.0
87.19999999999982,0.0,0.0,0,0.0
87.99999999999982,0.0,0.0,0,0.0
88.79999999999981,0.0,0.0,0,0.0
89.59999999999981,0.0,0.0,0,0.0
90.3999999999998,0.0,0.0,0,0.0
91.1999999999998,0.0,0.0,0,0.0
91.9999999999998,0.0,0.0,0,0.0
92.7999999999998,0.0,0.0,0,0.0
93.5999999999998,0.0,0.0,0,0.0
94.39999999999979,0.0,0.0,0,0.0
95.19999999999979,0.0,0.0,0,0.0
95.99999999999979,0.0,0.0,0,0.0
96.79999999999978,0.0,0.0,0,0.0
97.59999999999978,0.0,0.0,0,0.0
98.39999999999978,0.0,0.0,0,0.0
99.19999999999978,0.0,0.0,0,0.0
99.99999999999977,0.0,0.0,0,0.0
100.79999999999977,0.0,0.0,0,0.0
101.59999999999977,0.0,0.0,0,0.0
102.39999999999976,0.0,0.0,0,0.0
103.19999999999976,0.0,0.0,0,0.0
103.99999999999976,0.0,0.0,0,0.0
104.79999999999976,0.0,0.0,0,0.0
105.59999999999975,0.0,0.0,0,0.0
106.39999999999975,0.0,0.0,0,0.0
107.19999999999975,0.0,0.0,0,0.0
107.99999999999974,0.0,0.0,0,0.0
108.79999999999974,0.0,0.0,0,0.0
109.59999999999974,0.0,0.0,0,0.0
110.39999999999974,0.0,0.0,0,0.0
111.19999999999973,0.0,0.0,0,0.0
111.99999999999973,0.0,0.0,0,0.0
112.79999999999973,0.0,0.0,0,0.0
113.59999999999972,0.0,0.0,0,0.0
114.39999999999972,0.0,0.0,0,0.0
115.19999999999972,0.0,0.0,0,0.0
115.99999999999972,0.0,0.0,0,0.0
116.79999999999971,0.0,0.0,0,0.0
117.59999999999971,0.0,0.0,0,0.0
118.39999999999971,0.0,0.0,0,0.0
119.1999999999997,0.0,0.0,0,0.0
119.9999999999997,0.0,0.0,0,0.0
120.7999999999997,0.0,0.0,0,0.0
121.5999999999997,0.0,0.0,0,0.0
122.3999999999997,0.0,0.0,0,0.0
123.19999999999969,0.0,0.0,0,0.0
123.99999999999969,0.0,0.0,0,0.0
124.79999999999968,0.0,0.0,0,0.0
125.59999999999968,0.0,0.0,0,0.0
126.39999999999968,0.0,0.0,0,0.0
127.19999999999968,0.0,0.0,0,0.0
127.99999999999967,0.0,0.0,0,0.0
128.79999999999967,0.0,0.0,0,0.0
129.59999999999968,0.0,0.0,0,0.0
130.3999999999997,0.0,0.0,0,0.0
131.1999999999997,0.0,0.0,0,0.0
131.99999999999972,0.0,0.0,0,0.0
132.79999999999973,0.0,0.0,0,0.0
133.59999999999974,0.0,0.0,0,0.0
134.39999999999975,0.0,0.0,0,0.0
135.19999999999976,0.0,0.0,0,0.0
135.99999999999977,0.0,0.0,0,0.0
136.79999999999978,0.0,0.0,0,0.0
137.5999999999998,0.0,0.0,0,0.0
138.3999999999998,0.0,0.0,0,0.0
139.19999999999982,0.0,0.0,0,0.0
139.99999999999983,0.0,0.0,0,0.0
140.79999999999984,0.0,0.0,0,0.0
141.59999999999985,0.0,0.0,0,0.0
142.39999999999986,0.0,0.0,0,0.0
143.19999999999987,0.0,0.0,0,0.0
143.9999999999999,0.0,0.0,0,0.0
144.7999999999999,0.0,0.0,0,0.0
145.5999999999999,0.0,0.0,0,0.0
146.39999999999992,0.0,0.0,0,0.0
147.19999999999993,0.0,0.0,0,0.0
147.99999999999994,0.0,0.0,0,0.0
148.79999999999995,0.0,0.0,0,0.0
149.59999999999997,0.0,0.0,0,0.0
150.39999999999998,0.0,0.0,0,0.0
151.2,0.0,0.0,0,0.0
152.0,0.0,0.0,0,0.0
152.8,0.0,0.0,0,0.0
153.60000000000002,0.0,0.0,0,0.0
154.40000000000003,0.0,0.0,0,0.0
155.20000000000005,0.0,0.0,0,0.0
156.00000000000006,0.0,0.0,0,0.0
156.80000000000007,0.0,0.0,0,0.0
157.60000000000008,0.0,0.0,0,0.0
158.4000000000001,0.0,0.0,0,0.0
159.2000000000001,0.0,0.0,0,0.0
160.0000000000001,0.0,0.0,0,0.0
160.00100000000012,0.0,0.0,2,0.0
160.00200000000012,0.04299874611738222,0.5287201713669669,2,0.0
160.00300000000013,0.15618145917642523,0.7344743803966596,2,0.0
160.00400000000013,0.29606621448375303,0.8081730678229464,2,0.0
160.00500000000014,0.4448865875466336,0.8280081993173414,2,0.0
160.00600000000014,0.5954082859892844,0.826002359119433,2,0.0
160.00700000000015,0.7447100620335814,0.8152672565203872,2,0.0
160.00800000000015,0.8916363938699026,0.8011688078995952,2,0.0
160.00900000000016,1.0357541231455094,0.7859003521553799,2,0.0
160.01000000000016,1.1769251124677953,0.7703558376203785,2,0.0
160.01100000000017,1.3151312243035376,0.7548970773425294,2,0.0
160.01200000000017,1.450402650328476,0.7396680148131133,2,0.0
160.01300000000018,1.582788572736287,0.7247234452174603,2,0.0
160.01400000000018,1.7123451643413081,0.7100817377103628,2,0.0
160.01500000000019,1.8391306902824314,0.6957464285529131,2,0.0
160.0160000000002,1.963203518181972,0.6817150637949995,2,0.0
160.0170000000002,2.08462131925456,0.6679828194116422,2,0.0
160.0180000000002,2.203440756883576,0.6545439823235136,2,0.0
160.0190000000002,2.319717374526113,0.6413925552738671,2,0.0
160.0200000000002,2.4335055649319517,0.6285225028744857,2,0.0
160.0210000000002,2.544858572344891,0.6159278507110911,2,0.0
160.02200000000022,2.6538285078967196,0.6036027242977545,2,0.0
160.02300000000022,2.7604663700947407,0.5915413634285391,2,0.0
160.02400000000023,2.8648220670921023,0.5797381264861778,2,0.0
160.02500000000023,2.966944439391348,0.5681874906707463,2,0.0
160.02600000000024,3.0668812824347524,0.5568840505900423,2,0.0
160.02700000000024,3.164679368863844,0.5458225162110922,2,0.0
160.02800000000025,3.2603844703650715,0.5349977105814571,2,0.0
160.02900000000025,3.3540413790735597,0.5244045674870602,2,0.0
160.03000000000026,3.445693928529291,0.5140381291141626,2,0.0
160.03100000000026,3.5353850141890986,0.5038935437425436,2,0.0
160.03200000000027,3.6231566135014392,0.4939660634803359,2,0.0
160.03300000000027,3.70904980555227,0.4842510420441784,2,0.0
160.03400000000028,3.79310479029077,0.47474393258558184,2,0.0
160.03500000000028,3.875360907343737,0.46544028556328276,2,0.0
160.03600000000029,3.9558566544273837,0.45633574666091387,2,0.0
160.0370000000003,4.034629705365122,0.4474260547491503,2,0.0
160.0380000000003,4.111716927719753,0.4387070398914309,2,0.0
160.0390000000003,4.187154400048318,0.43017462139234486,2,0.0
160.0400000000003,4.260977428787673,0.4218248058877786,2,0.0
160.0410000000003,4.3332205647786965,0.41365368547593345,2,0.0
160.04200000000031,4.4039176194368626,0.40565743588833986,2,0.0
160.04300000000032,4.473101680576743,0.39783231470001423,2,0.0
160.04400000000032,4.540805127897853,0.39017465957791975,2,0.0
160.04500000000033,4.607059648139077,0.3826808865669119,2,0.0
160.04600000000033,4.671896249908778,0.375347488412367,2,0.0
160.04700000000034,4.735345278197527,0.3681710329187077,2,0.0
160.04800000000034,4.7974364285802364,0.3611481613430583,2,0.0
160.04900000000035,4.858198761114364,0.3542755868232776,2,0.0
160.05000000000035,4.917660713940673,0.3475500928396329,2,0.0
160.05100000000036,4.975850116592921,0.3409685317093966,2,0.0
160.05200000000036,5.032794203022713,0.33452782311365986,2,0.0
160.05300000000037,5.088519624345599,0.3282249526556734,2,0.0
160.05400000000037,5.1430524613144,0.32205697045004233,2,0.0
160.05500000000038,5.196418236525587,0.31602098974211357,2,0.0
160.05600000000038,5.2486419263644315,0.31011418555690906,2,0.0
160.0570000000004,5.299747972694517,0.30433379337697414,2,0.0
160.0580000000004,5.34976029429708,0.2986771078485211,2,0.0
160.0590000000004,5.398702298065541,0.29314148151526237,2,0.0
160.0600000000004,5.446596889960459,0.2877243235793417,2,0.0
160.0610000000004,5.49346648573003,0.28242309868878196,2,0.0
160.0620000000004,5.539333021401174,0.2772353257508838,2,0.0
160.06300000000041,5.584217963546079,0.2721585767710179,2,0.0
160.06400000000042,5.628142319329046,0.2671904757162691,2,0.0
160.06500000000042,5.671126646338314,0.2623286974033992,2,0.0
160.06600000000043,5.713191062207474,0.257570966410609,2,0.0
160.06700000000043,5.754355254030975,0.2529150560125895,2,0.0
160.06800000000044,5.79463848757813,0.2483587871383645,2,0.0
160.06900000000044,5.8340596163099265,0.24390002735143607,2,0.0
160.07000000000045,5.8726370902028755,0.23953668985175613,2,0.0
160.07100000000045,5.910388964384011,0.23526673249905716,2,0.0
160.07200000000046,5.9473329075810994,0.23108815685708467,2,0.0
160.07300000000046,5.9834862103920035,0.22699900725828387,2,0.0
160.07400000000047,6.018865793377067,0.22299736988850302,2,0.0
160.07500000000047,6.053488214978325,0.21908137189128554,2,0.0
160.07600000000048,6.08736967926922,0.21524918049133088,2,0.0
160.07700000000048,6.12052604353848,0.21149900213671452,2,0.0
160.0780000000005,6.152972825711685,0.207829081659465,2,0.0
160.0790000000005,6.184725211614003,0.20423770145410583,2,0.0
160.0800000000005,6.2157980620775035,0.2007231806737776,2,0.0
160.0810000000005,6.246205919896356,0.19728387444356354,2,0.0
160.0820000000005,6.275963016633191,0.19391817309065126,2,0.0
160.0830000000005,6.305083279279787,0.19062450139096943,2,0.0
160.08400000000051,6.333580336775219,0.18740131783194736,2,0.0
160.08500000000052,6.3614675263845095,0.18424711389105258,2,0.0
160.08600000000052,6.388757899940769,0.18116041332976815,2,0.0
160.08700000000053,6.415464229953746,0.17813977150267976,2,0.0
160.08800000000053,6.44159901558765,0.17518377468134938,2,0.0
160.08900000000054,6.467174488511046,0.172291039392658,2,0.0
160.09000000000054,6.492202618621544,0.1694602117713096,2,0.0
160.09100000000055,6.516695119647987,0.1666899669261913,2,0.0
160.09200000000055,6.540663454632736,0.16397900832029455,2,0.0
160.09300000000056,6.564118841296634,0.16132606716390674,2,0.0
160.09400000000056,6.587072257289152,0.15872990182078886,2,0.0
160.09500000000057,6.609534445326175,0.15618929722706187,2,0.0
160.09600000000057,6.631515918217839,0.15370306432252936,2,0.0
160.09700000000058,6.653026963788757,0.15127003949417045,2,0.0
160.09800000000058,6.674077649692958,0.14888908403154297,2,0.0
160.0990000000006,6.694677828125772,0.14655908359384126,2,0.0
160.1000000000006,6.7148371404348834,0.14427894768835928,2,0.0
160.1010000000006,6.734565021632695,0.1420476091601158,2,0.0
160.1020000000006,6.75387070481213,0.1398640236924016,2,0.0
160.1030000000006,6.772763225467924,0.13772716931801574,2,0.0
160.1040000000006,6.7912514257254415,0.13563604594096207,2,0.0
160.10500000000062,6.809343958478992,0.13358967486838158,2,0.0
160.10600000000062,6.827049291441579,0.1315870983525021,2,0.0
160.10700000000062,6.8443757111079755,0.12962737914239078,2,0.0
160.10800000000063,6.861331326632995,0.12770960004529966,2,0.0
160.10900000000063,6.87792407362676,0.12583286349739864,2,0.0
160.11000000000064,6.894161717868741,0.12399629114369537,2,0.0
160.11100000000064,6.910051858942321,0.12219902342694552,2,0.0
160.11200000000065,6.925601933791569,0.12044021918536044,2,0.0
160.11300000000065,6.940819220201901,0.11871905525892448,2,0.0
160.11400000000066,6.9557108402062395,0.1170347261041377,2,0.0
160.11500000000066,6.970283763418297,0.11538644341700333,2,0.0
160.11600000000067,6.984544810294502,0.1137734357640835,2,0.0
160.11700000000067,6.998500655326134,0.11219494822145129,2,0.0
160.11800000000068,7.012157830163128,0.11065024202136925,2,0.0
160.11900000000068,7.025522726671039,0.10913859420652947,2,0.0
160.1200000000007,7.038601599922583,0.10765929729169313,2,0.0
160.1210000000007,7.05140057112514,0.10621165893257152,2,0.0
160.1220000000007,7.06392563048563,0.10479500160179352,2,0.0
160.1230000000007,7.076182640014055,0.10340866227180721,2,0.0
160.1240000000007,7.088177336267059,0.10205199210456835,2,0.0
160.1250000000007,7.09991533303276,0.10072435614786909,2,0.0
160.12600000000072,7.111402123958132,0.09942513303816672,2,0.0
160.12700000000072,7.122643085120155,0.09815371470977087,2,0.0
160.12800000000072,7.133643477541945,0.09690950611025545,2,0.0
160.12900000000073,7.144408449655021,0.09569192492196055,2,0.0
160.13000000000073,7.154943039708897,0.09450040128945464,2,0.0
160.13100000000074,7.165252178129089,0.09333437755282946,2,0.0
160.13200000000074,7.17534068982467,0.09219330798670278,2,0.0
160.13300000000075,7.185213296446435,0.09107665854480636,2,0.0
160.13400000000075,7.194874618596738,0.08998390661004026,2,0.0
160.13500000000076,7.204329177992041,0.08891454074987648,2,0.0
160.13600000000076,7.213581399579178,0.08786806047699672,2,0.0
160.13700000000077,7.22263561360633,0.08684397601505328,2,0.0
160.13800000000077,7.231496057649675,0.08584180806944264,2,0.0
160.13900000000078,7.240166878596676,0.08486108760298473,2,0.0
160.14000000000078,7.248652134586912,0.08390135561640306,2,0.0
160.1410000000008,7.256955796911383,0.08296216293350256,2,0.0
160.1420000000008,7.2650817518711595,0.0820430699909451,2,0.0
160.1430000000008,7.273033802596262,0.08114364663252403,2,0.0
160.1440000000008,7.2808156708256115,0.08026347190784115,2,0.0
160.1450000000008,7.288430998648884,0.07940213387529262,2,0.0
160.1460000000008,7.2958833502110965,0.07855922940927103,2,0.0
160.14700000000082,7.3031762133806994,0.07773436401149338,2,0.0
160.14800000000082,7.310313001381984,0.0769271516263671,2,0.0
160.14900000000083,7.317297054392547,0.07613721446030733,2,0.0
160.15000000000083,7.324131641106566,0.07536418280492092,2,0.0
160.15100000000083,7.330819960264623,0.07460769486397478,2,0.0
160.15200000000084,7.337365142150792,0.07386739658406678,2,0.0
160.15300000000084,7.343770250057674,0.0731429414889211,2,0.0
160.15400000000085,7.350038281720096,0.07243399051722921,2,0.0
160.15500000000085,7.35617217071811,0.07174021186396186,2,0.0
160.15600000000086,7.362174787849978,0.07106128082507666,2,0.0
160.15700000000086,7.368048942475776,0.0703968796455493,2,0.0
160.15800000000087,7.373797383832227,0.06974669737065706,2,0.0
160.15900000000087,7.379422802319414,0.06911042970044484,2,0.0
160.16000000000088,7.3849278307599455,0.06848777884730634,2,0.0
160.16100000000088,7.390315045631175,0.06787845339661217,2,0.0
160.1620000000009,7.395586968271046,0.06728216817032173,2,0.0
160.1630000000009,7.400746066058149,0.06669864409351335,2,0.0
160.1640000000009,7.405794753566495,0.06612760806377062,2,0.0
160.1650000000009,7.4107353936955995,0.06556879282336467,2,0.0
160.1660000000009,7.415570298776368,0.06502193683417135,2,0.0
160.1670000000009,7.42030173165332,0.06448678415526563,2,0.0
160.16800000000092,7.424931906743656,0.06396308432313541,2,0.0
160.16900000000092,7.429462991073647,0.06345059223445886,2,0.0
160.17000000000093,7.433897105292857,0.06294906803139069,2,0.0
160.17100000000093,7.438236324666653,0.06245827698930324,2,0.0
160.17200000000093,7.442482680047477,0.06197798940692989,2,0.0
160.17300000000094,7.446638158825328,0.061507980498859915,2,0.0
160.17400000000094,7.450704705857908,0.061048030290333885,2,0.0
160.17500000000095,7.454684224380859,0.060597923514290296,2,0.0
160.17600000000095,7.4585785768985176,0.06015744951061585,2,0.0
160.17700000000096,7.462389586055613,0.05972640212755176,2,0.0
160.17800000000096,7.466119035490303,0.05930457962521011,2,0.0
160.17900000000097,7.469768670668958,0.058891784581155,2,0.0
160.18000000000097,7.473340199703075,0.058487823798004546,2,0.0
160.18100000000098,7.47683529414872,0.058092508213009875,2,0.0
160.18200000000098,7.4802555897888485,0.057705652809569644,2,0.0
160.183000000001,7.483602687398887,0.05732707653063813,2,0.0
160.184000000001,7.486878153495936,0.05695660219398656,2,0.0
160.185000000001,7.490083521071934,0.05659405640927751,2,0.0
160.186000000001,7.4932202903111325,0.056239269496914705,2,0.0
160.187000000001,7.496289929292214,0.05589207540862885,2,0.0
160.188000000001,7.49929387467539,0.055552311649763424,2,0.0
160.18900000000102,7.5022335323747855,0.055219819203223476,2,0.0
160.19000000000102,7.505110278216443,0.05489444245505213,2,0.0
160.19100000000103,7.507925458582237,0.05457602912159961,2,0.0
160.19200000000103,7.510680391040013,0.05426443017825111,2,0.0
160.19300000000104,7.513376364960235,0.053959499789680024,2,0.0
160.19400000000104,7.516014642119448,0.053661095241593675,2,0.0
160.19500000000104,7.518596457290807,0.053369076873939617,2,0.0
160.19600000000105,7.5211230188219895,0.0530833080155419,2,0.0
160.19700000000105,7.523595509200721,0.05280365492013563,2,0.0
160.19800000000106,7.526015085608211,0.052529986703770834,2,0.0
160.19900000000106,7.528382880460738,0.05226217528355576,2,0.0
160.20000000000107,7.530700001939645,0.052000095317711305,2,0.0
164.20000000000107,7.5329675345099965,0.05174362414690803,2,0.12
168.20000000000107,7.447797067205041,0.054072566503901964,2,0.12
172.20000000000107,7.363475980376334,0.0606179181727267,2,0.12
176.20000000000107,7.280560767954885,0.06877064872024367,2,0.12
180.20000000000107,7.199256728190586,0.07746466018544032,2,0.12
184.20000000000107,7.119625794138475,0.08626578494175988,2,0.12
188.20000000000107,7.041671650655881,0.094998640394422,2,0.12
192.20000000000107,6.965374588176362,0.10359378981225452,2,0.12
196.20000000000107,6.89070576888459,0.11202514052765576,2,0.12
200.20000000000107,6.817633060423206,0.12028430333850548,2,0.12
204.20000000000107,6.74612341586874,0.12837009119486908,2,0.12
208.20000000000107,6.676143839262891,0.1362842189137326,2,0.12
212.20000000000107,6.607661771986442,0.14402954281229116,2,0.12
216.20000000000107,6.540645242105244,0.15160934066983064,2,0.12
220.20000000000107,6.475062916820297,0.15902701778662728,2,0.12
224.20000000000107,6.410884115415934,0.16628598755107338,2,0.12
228.20000000000107,6.3480788062106885,0.17338962346471154,2,0.12
232.20000000000107,6.286617597134426,0.18034124041620989,2,0.12
236.20000000000107,6.226471723869718,0.18714408791591808,2,0.12
240.20000000000107,6.16761303716672,0.19380134821011424,2,0.12
244.20000000000107,6.110013989987038,0.20031613637502632,2,0.12
248.20000000000107,6.053647624741494,0.20669150120322527,2,0.12
252.20000000000107,5.998487560726778,0.21293042639642956,2,0.12
256.20000000000107,5.944507981800556,0.21903583186605743,2,0.12
260.20000000000107,5.8916836243079,0.22501057506053604,2,0.12
264.20000000000107,5.839989765260998,0.2308574522865643,2,0.12
268.20000000000107,5.789402210769739,0.23657920001125812,2,0.12
272.20000000000107,5.739897284719047,0.24217849614017972,2,0.12
276.20000000000107,5.691451817688171,0.24765796126955242,2,0.12
280.20000000000107,5.644043136106987,0.25302015991230575,2,0.12
284.20000000000107,5.597649051644293,0.2582676016981398,2,0.12
288.20000000000107,5.552247850823185,0.2634027425480126,2,0.12
292.20000000000107,5.507818284858672,0.2684279858235352,2,0.12
296.20000000000107,5.46433955971277,0.2733456834517866,2,0.12
300.20000000000107,5.42179132636242,0.27815813702606307,2,0.12
304.20000000000107,5.380153671275686,0.28286759888307367,2,0.12
308.20000000000107,5.339407107091782,0.2874762731570839,2,0.12
312.20000000000107,5.299532563500544,0.29198631681149934,2,0.12
316.20000000000107,5.260511378317089,0.2963998406483736,2,0.12
320.20000000000107,5.222325288747502,0.30071891029631065,2,0.12
324.20000000000107,5.184956422841429,0.30494554717722583,2,0.12
328.20000000000107,5.148387291127608,0.3090817294524168,2,0.12
332.20000000000107,5.112600778428394,0.3131293929483874,2,0.12
336.20000000000107,5.077580135849482,0.31709043206285853,2,0.12
340.20000000000107,5.043308972941034,0.3209667006513885,2,0.12
344.20000000000107,5.009771250026591,0.32476001289501916,2,0.12
348.20000000000107,4.976951270696133,0.3284721441493542,2,0.12
352.20000000000107,4.944833674459813,0.3321048317754647,2,0.12
356.20000000000107,4.9134034295588975,0.3356597759530137,2,0.12
360.20000000000107,4.882645825930566,0.3391386404759789,2,0.12
364.20000000000107,4.852546468323269,0.3425430535313449,2,0.12
368.20000000000107,4.82309126955943,0.34587460846113205,2,0.12
372.20000000000107,4.7942664439423215,0.34913486450811637,2,0.12
376.20000000000107,4.766058500804055,0.35232534754559003,2,0.12
380.20000000000107,4.738454238191643,0.3554475507915047,2,0.12
384.20000000000107,4.711440736688184,0.35850293550733103,2,0.12
388.20000000000107,4.685005353366289,0.3614929316819619,2,0.12
392.20000000000107,4.659135715870904,0.3644189387009796,2,0.12
396.20000000000107,4.63381971662877,0.3672823260015997,2,0.12
400.20000000000107,4.609045507181803,0.3700844337135987,2,0.12
404.20000000000107,4.5848014926417555,0.37282657328652485,2,0.12
408.20000000000107,4.56107632626354,0.3755100281034857,2,0.12
412.20000000000107,4.5378589041346995,0.3781360540818012,2,0.12
416.20000000000107,4.515138359978528,0.3807058802608003,2,0.12
420.20000000000107,4.492904060068407,0.38322070937704,2,0.12
424.20000000000107,4.47114559825098,0.38568171842721244,2,0.12
428.20000000000107,4.44985279107584,0.3880900592190061,2,0.12
432.20000000000107,4.429015673029447,0.3904468589101779,2,0.12
436.20000000000107,4.408624491871038,0.39275322053608813,2,0.12
440.20000000000107,4.388669704068365,0.3950102235259464,2,0.12
444.20000000000107,4.369141970331099,0.3972189242080081,2,0.12
448.20000000000107,4.350032151239842,0.39938035630396046,2,0.12
452.20000000000107,4.331331302968663,0.4014955314127271,2,0.12
456.20000000000107,4.313030673099192,0.40356543948391943,2,0.12
460.20000000000107,4.295121696524287,0.4055910492811554,2,0.12
464.20000000000107,4.277595991439376,0.4075733088354624,2,0.12
468.20000000000107,4.260445355419577,0.40951314588897747,2,0.12
472.20000000000107,4.243661761580785,0.4114114683291512,2,0.12
476.20000000000107,4.227237354822901,0.41326916461366003,2,0.12
480.20000000000107,4.21116444815348,0.4150871041862239,2,0.12
484.20000000000107,4.195435519090035,0.4168661378835257,2,0.12
488.20000000000107,4.180043206139348,0.41860709833342225,2,0.12
492.20000000000107,4.16498030535213,0.4203108003446325,2,0.12
496.20000000000107,4.150239766951406,0.4219780412880865,2,0.12
500.20000000000107,4.13581469203306,0.42360960147011334,2,0.12
504.20000000000107,4.1216983293369935,0.4252062444976415,2,0.12
508.20000000000107,4.107884072087387,0.4267687176355846,2,0.12
512.2000000000011,4.0943654549005775,0.4282977521565777,2,0.12
516.2000000000011,4.081136150759107,0.42979406368323,2,0.12
520.2000000000011,4.068189968050549,0.43125835252305167,2,0.12
524.2000000000011,4.055520847669684,0.43269130399621414,2,0.12
528.2000000000011,4.043122860182704,0.43409358875629517,2,0.12
532.2000000000011,4.030990203052106,0.43546586310415947,2,0.12
536.2000000000011,4.019117197920971,0.43680876929512297,2,0.12
540.2000000000011,4.007498287955369,0.43812293583954226,2,0.12
544.2000000000011,3.996128035243629,0.43940897779697174,2,0.12
548.2000000000011,3.9850011182512803,0.4406674970640255,2,0.12
552.2000000000011,3.9741123293304526,0.4418990826560783,2,0.12
556.2000000000011,3.9634565722825768,0.4431043109829381,2,0.12
560.2000000000011,3.9530288599732515,0.44428374611861887,2,0.12
564.2000000000011,3.942824311998153,0.4454379400653399,2,0.12
568.2000000000011,3.932838152398893,0.4465674330118754,2,0.12
572.2000000000011,3.923065707427764,0.44767275358637465,2,0.12
576.2000000000011,3.913502403360321,0.44875441910377245,2,0.12
580.2000000000011,3.904143764354773,0.44981293580790377,2,0.12
584.2000000000011,3.894985410357191,0.4508487991084372,2,0.12
588.2000000000011,3.8860230550515418,0.4518624938127383,2,0.12
592.2000000000011,3.877252503853596,0.4528544943527698,2,0.12
596.2000000000011,3.86866965194777,0.453825265007137,2,0.12
600.2000000000011,3.8602704823659773,0.45477526011838004,2,0.12
604.2000000000011,3.852051064107598,0.455704924305617,2,0.12
608.2000000000011,3.8440075502996818,0.45661469267263516,2,0.12
612.2000000000011,3.836136176396525,0.45750499101152986,2,0.12
616.2000000000011,3.828433258417778,0.45837623600198457,2,0.12
620.2000000000011,3.8208951912242592,0.4592288354062862,2,0.12
624.2000000000011,3.8135184468306687,0.4600631882601673,2,0.12
628.2000000000011,3.8062995727544133,0.46087968505956367,2,0.12
632.2000000000011,3.7992351903997656,0.46167870794337534,2,0.12
636.2000000000011,3.792321993476604,0.462460630872316,2,0.12
640.2000000000011,3.785556746452995,0.46322581980393507,2,0.12
644.2000000000011,3.7789362830408932,0.46397463286389445,2,0.12
648.2000000000011,3.772457504714245,0.464707420513579,2,0.12
652.2000000000011,3.7661173792588087,0.46542452571412024,2,0.12
656.2000000000011,3.759912939353012,0.4661262840869104,2,0.12
660.2000000000011,3.753841281179177,0.46681302407068054,2,0.12
664.2000000000011,3.7478995630644665,0.46748506707521703,2,0.12
668.2000000000011,3.742085004150921,0.4681427276317888,2,0.12
672.2000000000011,3.736394883093951,0.4687863135403553,2,0.12
676.2000000000011,3.730826536788689,0.4694161260136235,2,0.12
680.2000000000011,3.725377359123594,0.47003245981802205,2,0.12
684.2000000000011,3.7200447997607347,0.4706356034116592,2,0.12
688.2000000000011,3.714826362942172,0.4712258390793271,2,0.12
692.2000000000011,3.7097196063218894,0.47180344306461786,2,0.12
696.2000000000011,3.70472213982272,0.4723686856992115,2,0.12
700.2000000000011,3.6998316245177363,0.47292183152939754,2,0.12
704.2000000000011,3.695045771535579,0.47346313943988827,2,0.12
708.2000000000011,3.690362340989215,0.47399286277498287,2,0.12
712.2000000000011,3.6857791409276177,0.47451124945713824,2,0.12
716.2000000000011,3.6812940263098866,0.4750185421030024,2,0.12
720.2000000000011,3.6769048980013195,0.4755149781369641,2,0.12
724.2000000000011,3.6726097017909693,0.4760007899022734,2,0.12
728.2000000000011,3.6684064274302277,0.4764762047697829,2,0.12
732.2000000000011,3.6642931076919822,0.4769414452443631,2,0.12
736.2000000000011,3.660267817449911,0.4773967290690392,2,0.12
740.2000000000011,3.656328672777481,0.4778422693268998,2,0.12
744.2000000000011,3.652473830066226,0.478278274540825,2,0.12
748.2000000000011,3.648701485162897,0.4787049487710791,2,0.12
752.2000000000011,3.6450098725250784,0.4791224917108161,2,0.12
756.2000000000011,3.641397264394874,0.47953109877954,2,0.12
760.2000000000011,3.6378619699902774,0.47993096121456597,2,0.12
764.2000000000011,3.6344023347138474,0.4803222661605236,2,0.12
768.2000000000011,3.6310167393783197,0.48070519675694473,2,0.12
772.2000000000011,3.627703599448791,0.481079932223977,2,0.12
776.2000000000011,3.62446136430112,0.48144664794626274,2,0.12
780.2000000000011,3.621288516496202,0.4818055155550231,2,0.12
784.2000000000011,3.6181835710697716,0.48215670300838515,2,0.12
788.2000000000011,3.6151450748374065,0.4825003746699902,2,0.12
792.2000000000011,3.612171605714405,0.4828366913859198,2,0.12
796.2000000000011,3.6092617720502167,0.48316581055997504,2,0.12
800.2000000000011,3.6064142119771203,0.4834878862273453,2,0.12
804.2000000000011,3.6036275927728387,0.48380306912670024,2,0.12
808.2000000000011,3.600900610236794,0.4841115067707386,2,0.12
812.2000000000011,3.5982319880797142,0.48441334351522786,2,0.12
816.2000000000011,3.5956204773262983,0.48470872062656534,2,0.12
820.2000000000011,3.5930648557306686,0.484997776347895,2,0.12
824.2000000000011,3.590563927204334,0.4852806459638076,2,0.12
828.2000000000011,3.588116521256392,0.485557461863657,2,0.12
832.2000000000011,3.5857214924457117,0.48582835360352195,2,0.12
836.2000000000011,3.5833777198448438,0.4860934479668405,2,0.12
840.2000000000011,3.5810841065153993,0.486352869023748,2,0.12
844.2000000000011,3.5788395789946588,0.48660673818914457,2,0.12
848.2000000000011,3.576643086793168,0.4868551742795198,2,0.12
852.2000000000011,3.5744936019030833,0.4870982935685622,2,0.12
856.2000000000011,3.572390118317043,0.48733620984157683,2,0.12
860.2000000000011,3.570331651557331,0.48756903444874056,2,0.12
864.2000000000011,3.568317238215122,0.4877968763572157,2,0.12
868.2000000000011,3.5663459354995806,0.4880198422021492,2,0.12
872.2000000000011,3.5644168207966183,0.4882380363365806,2,0.12
876.2000000000011,3.562528991237085,0.4884515608802812,2,0.12
880.2000000000011,3.5606815632742097,0.4886605157675488,2,0.12
884.2000000000011,3.5588736722700784,0.488864998793979,2,0.12
888.2000000000011,3.557104472090965,0.4890651056622356,2,0.12
892.2000000000011,3.5553731347113198,0.4892609300268419,2,0.12
896.2000000000011,3.553678849826238,0.48945256353801303,2,0.12
900.2000000000011,3.552020824472216,0.4896400958845502,2,0.12
904.2000000000011,3.5503982826560296,0.4898236148358172,2,0.12
908.2000000000011,3.5488104649915484,0.49000320628281846,2,0.12
912.2000000000011,3.547256628344327,0.49017895427839775,2,0.12
916.2000000000011,3.545736045483803,0.4903509410765771,2,0.12
920.2000000000011,3.5442480047429346,0.4905192471710534,2,0.12
924.2000000000011,3.542791809685125,0.49068395133287124,2,0.12
928.2000000000011,3.5413667787782757,0.49084513064728963,2,0.12
932.2000000000011,3.539972245075813,0.49100286054985937,2,0.12
936.2000000000011,3.5386075559045413,0.4911572148617291,2,0.12
940.2000000000011,3.5372720725591784,0.4913082658241946,2,0.12
944.2000000000011,3.535965170003427,0.49145608413251013,2,0.12
948.2000000000011,3.5346862365774427,0.49160073896897444,2,0.12
952.2000000000011,3.533434673711564,0.4917422980353106,2,0.12
956.2000000000011,3.5322098956461687,0.4918808275843515,2,0.12
960.2000000000011,3.531011329157525,0.4920163924510472,2,0.12
964.2000000000011,3.52983841328951,0.49214905608281023,2,0.12
968.2000000000011,3.528690599091067,0.4922788805692094,2,0.12
972.2000000000011,3.5275673493592885,0.4924059266710298,2,0.12
976.2000000000011,3.526468138387991,0.49253025384870947,2,0.12
980.2000000000011,3.525392451721671,0.49265192029016913,2,0.12
984.2000000000011,3.5243397859147305,0.49277098293804494,2,0.12
988.2000000000011,3.523309648295853,0.4928874975163388,2,0.12
992.2000000000011,3.52230155673742,0.4930015185564988,2,0.12
996.2000000000011,3.5213150394298682,0.4931130994229409,2,0.12
1000.2000000000011,3.5203496346608687,0.4932222923380249,2,0.12
1004.2000000000011,3.5194048905992372,0.4933291484064953,2,0.12
1008.2000000000011,3.5184803650834646,0.49343371763939986,2,0.12
1012.2000000000011,3.517575625414777,0.4935360489774959,2,0.12
1016.2000000000011,3.516690248154624,0.49363619031415545,2,0.12
1020.2000000000011,3.5158238189264974,0.4937341885177806,2,0.12
1024.2000000000012,3.514975932221996,0.4938300894537387,2,0.12
1028.2000000000012,3.514146191211036,0.49392393800582873,2,0.12
1032.2000000000012,3.5133342075561287,0.4940157780972877,2,0.12
1036.2000000000012,3.5125396012306274,0.49410565271134776,2,0.12
1040.2000000000012,3.5117620003408674,0.4941936039113535,2,0.12
1044.2000000000012,3.511001040952111,0.4942796728604482,2,0.12
1048.2000000000012,3.510256366918217,0.4943638998408395,2,0.12
1052.2000000000012,3.5095276297149587,0.49444632427265206,2,0.12
1056.2000000000012,3.508814488276905,0.4945269847323771,2,0.12
1060.2000000000012,3.5081166088377924,0.4946059189709274,2,0.12
1064.2000000000012,3.5074336647743194,0.4946831639313052,2,0.12
1068.2000000000012,3.506765336453275,0.4947587557658924,2,0.12
1072.2000000000012,3.5061113110819466,0.49483272985337096,2,0.12
1076.2000000000012,3.505471282561724,0.4949051208152806,2,0.12
1080.2000000000012,3.504844951344837,0.4949759625322227,2,0.12
1084.2000000000012,3.504232024294163,0.49504528815971693,2,0.12
1088.2000000000012,3.5036322145460326,0.49511313014371916,2,0.12
1092.2000000000012,3.5030452413759674,0.4951795202358065,2,0.12
1096.2000000000012,3.5024708300672986,0.49524448950803807,2,0.12
1100.2000000000012,3.5019087117825896,0.49530806836749713,2,0.12
1104.2000000000012,3.501358623437818,0.4953702865705225,2,0.12
1108.2000000000012,3.5008203075792435,0.49543117323663516,2,0.12
1112.2000000000012,3.5002935122629144,0.4954907568621668,2,0.12
1116.2000000000012,3.4997779909367526,0.49554906533359677,2,0.12
1120.2000000000012,3.4992735023251615,0.4956061259406035,2,0.12
1124.2000000000012,3.498779810316103,0.49566196538883683,2,0.12
1128.2000000000012,3.498296683850593,0.49571660981241666,2,0.12
1132.2000000000012,3.4978238968145594,0.4957700847861647,2,0.12
1136.2000000000012,3.497361227933016,0.4958224153375734,2,0.12
1140.2000000000012,3.4969084606665017,0.49587362595852,2,0.12
1144.2000000000012,3.496465383109733,0.4959237406167291,2,0.12
1148.2000000000012,3.49603178789243,0.4959727827669899,2,0.12
1152.2000000000012,3.495607472082261,0.4960207753621338,2,0.12
1156.2000000000012,3.495192237089866,0.4960677408637767,2,0.12
1160.2000000000012,3.494785888575911,0.4961137012528316,2,0.12
1164.2000000000012,3.4943882363601366,0.4961586780397963,2,0.12
1168.2000000000012,3.4939990943323456,0.49620269227482044,2,0.12
1172.2000000000012,3.493618280365301,0.4962457645575578,2,0.12
1176.2000000000012,3.493245616229484,0.4962879150468072,2,0.12
1180.2000000000012,3.492880927509683,0.49632916346994743,2,0.12
1184.2000000000012,3.4925240435233595,0.49636952913217,2,0.12
1188.2000000000012,3.4921747972407666,0.49640903092551425,2,0.12
1192.2000000000012,3.4918330252067737,0.49644768733770955,2,0.12
1196.2000000000012,3.4914985674643693,0.49648551646082795,2,0.12
1200.2000000000012,3.4911712674797926,0.49652253599975144,2,0.12
1204.2000000000012,3.4908509720692757,0.4965587632804583,2,0.12
1208.2000000000012,3.490537531327351,0.49659421525813224,2,0.12
1212.2000000000012,3.4902307985566865,0.4966289085250976,2,0.12
1216.2000000000012,3.489930630199435,0.49666285931858517,2,0.12
1220.2000000000012,3.489636885770042,0.4966960835283313,2,0.12
1224.2000000000012,3.4893494277894956,0.49672859670401465,2,0.12
1228.2000000000012,3.4890681217209836,0.4967604140625341,2,0.12
1232.2000000000012,3.4887928359069273,0.4967915504951303,2,0.12
1236.2000000000012,3.488523441507363,0.4968220205743554,2,0.12
1240.2000000000012,3.4882598124396407,0.4968518385608931,2,0.12
1244.2000000000012,3.4880018253194174,0.49688101841023286,2,0.12
1248.2000000000012,3.4877493594029074,0.49690957377920164,2,0.12
1252.2000000000012,3.4875022965303732,0.4969375180323557,2,0.12
1256.2000000000012,3.487260521070824,0.49696486424823505,2,0.12
1260.2000000000012,3.487023919867896,0.4969916252254849,2,0.12
1264.2000000000012,3.4867923821868945,0.49701781348884566,2,0.12
1268.2000000000012,3.4865657996629684,0.49704344129501465,2,0.12
1272.2000000000012,3.4863440662503913,0.49706852063838264,2,0.12
1276.2000000000012,3.486127078172929,0.4970930632566474,2,0.12
1280.2000000000012,3.4859147338752723,0.4971170806363074,2,0.12
1284.2000000000012,3.485706933975506,0.4971405840180373,2,0.12
1288.2000000000012,3.4855035812185937,0.4971635844019494,2,0.12
1292.2000000000012,3.4853045804308636,0.4971860925527417,2,0.12
1296.2000000000012,3.485109838475463,0.4972081190047359,2,0.12
1300.2000000000012,3.4849192642087683,0.4972296740668079,2,0.12
1304.2000000000012,3.4847327684377287,0.4972507678272124,2,0.12
1308.2000000000012,3.4845502638781216,0.4972714101583045,2,0.12
1312.2000000000012,3.4843716651137004,0.4972916107211604,2,0.12
1316.2000000000012,3.484196888556219,0.49731137897009864,2,0.12
1320.2000000000012,3.484025852406311,0.4973307241571051,2,0.12
1324.2000000000012,3.483858476615203,0.49734965533616327,2,0.12
1328.2000000000012,3.4836946828472546,0.49736818136749145,2,0.12
1332.2000000000012,3.4835343944432906,0.49738631092168983,2,0.12
1336.2000000000012,3.483377536384727,0.49740405248379826,2,0.12
1340.2000000000012,3.4832240352584574,0.49742141435726756,2,0.12
1344.2000000000012,3.483073819222496,0.49743840466784567,2,0.12
1348.2000000000012,3.4829268179723543,0.4974550313673809,2,0.12
1352.2000000000012,3.482782962708134,0.4974713022375432,2,0.12
1356.2000000000012,3.48264218610233,0.49748722489346636,2,0.12
1360.2000000000012,3.4825044222683186,0.49750280678731224,2,0.12
1364.2000000000012,3.4823696067295216,0.4975180552117581,2,0.0
1368.2000000000012,3.5696271486123146,0.49495305253636745,2,0.0
1372.2000000000012,3.6559906443630728,0.4881766924955587,2,0.0
1376.2000000000012,3.740904555944184,0.4797978974053468,2,0.0
1380.2000000000012,3.824164520541998,0.4708826594234447,2,0.0
1384.2000000000012,3.905709520518372,0.46186504263741457,2,0.0
1388.2000000000012,3.9855367668419577,0.45292032831888845,2,0.0
1392.2000000000012,4.063666845733533,0.4441178540443157,2,0.0
1396.2000000000012,4.1401294529014105,0.4354836154485935,2,0.0
1400.2000000000012,4.214957560236092,0.4270259067777424,2,0.0
1404.2000000000012,4.288185036227276,0.41874582215776085,2,0.0
1408.2000000000012,4.359845680817081,0.4106415558363993,2,0.0
1412.2000000000012,4.42997283940242,0.40271016250731245,2,0.0
1416.2000000000012,4.498599253857243,0.3949482773065284,2,0.0
1420.2000000000012,4.565757010442806,0.3873524097127911,2,0.0
1424.2000000000012,4.631477527212125,0.37991906294055,2,0.0
1428.2000000000012,4.695791557404193,0.3726447818758938,2,0.0
1432.2000000000012,4.758729199204563,0.3655261717643785,2,0.0
1436.2000000000012,4.820319907934445,0.35855990493909284,2,0.0
1440.2000000000012,4.880592509059241,0.351742722669832,2,0.0
1444.2000000000012,4.939575211361151,0.34507143503328036,2,0.0
1448.2000000000012,4.997295620011127,0.33854291999158764,2,0.0
1452.2000000000012,5.0537807494353055,0.33215412216528467,2,0.0
1456.2000000000012,5.109057035936487,0.3259020514991839,2,0.0
1460.2000000000012,5.163150350057962,0.31978378190224144,2,0.0
1464.2000000000012,5.21608600868784,0.3137964498941681,2,0.0
1468.2000000000012,5.267888786906416,0.30793725327184507,2,0.0
1472.2000000000012,5.318582929580855,0.30220344980052893,2,0.0
1476.2000000000012,5.368192162712081,0.29659235593152933,2,0.0
1480.2000000000012,5.416739704538976,0.29110134554670075,2,0.0
1484.2000000000012,5.464248276405002,0.2857278487295454,2,0.0
1488.2000000000012,5.510740113392278,0.28046935056250993,2,0.0
1492.2000000000012,5.556236974728095,0.27532338994997946,2,0.0
1496.2000000000012,5.6007601539687215,0.27028755846644115,2,0.0
1500.2000000000012,5.6443304889652675,0.26535949922929264,2,0.0
1504.2000000000012,5.686968371616266,0.26053690579576966,2,0.0
1508.2000000000012,5.728693757411543,0.2558175210834799,2,0.0
1512.2000000000012,5.769526174771834,0.25119913631403795,2,0.0
1516.2000000000012,5.809484734188527,0.24667958997930722,2,0.0
1520.2000000000012,5.848588137167802,0.2422567668297658,2,0.0
1524.2000000000012,5.886854684983355,0.2379285968845216,2,0.0
1528.2000000000012,5.9243022872418125,0.2336930544625152,2,0.0
1532.2000000000012,5.960948470264825,0.22954815723445504,2,0.0
1536.2000000000012,5.996810385291784,0.22549196529504278,2,0.0
1540.2000000000012,6.031904816506985,0.22152258025505409,2,0.0
1544.2000000000012,6.066248188895009,0.2176381443528494,2,0.0
1548.2000000000012,6.099856575927979,0.21383683958489974,2,0.0
1552.2000000000012,6.132745707088314,0.21011688685492033,2,0.0
1556.2000000000012,6.164930975230477,0.20647654514121314,2,0.0
1560.2000000000012,6.196427443785176,0.20291411068182952,2,0.0
1564.2000000000012,6.227249853809396,0.19942791617717134,2,0.0
1568.2000000000012,6.257412630885538,0.19601633000965732,2,0.0
1572.2000000000012,6.286929891872922,0.19267775548008884,2,0.0
1576.2000000000012,6.3158154515147915,0.18941063006035908,2,0.0
1580.2000000000012,6.344082828903928,0.1862134246621547,2,0.0
1584.2000000000012,6.371745253809888,0.18308464292130774,2,0.0
1588.2000000000012,6.398815672870837,0.18002282049746363,2,0.0
1592.2000000000012,6.425306755652863,0.17702652438873714,2,0.0
1596.2000000000012,6.451230900579621,0.1740943522610349,2,0.0
1600.2000000000012,6.476600240735079,0.17122493179173146,2,0.0
1604.2000000000012,6.5014266495420685,0.16841692002739145,2,0.0
1608.2000000000012,6.525721746319315,0.16566900275523727,2,0.0
1612.2000000000012,6.549496901719542,0.16297989388806763,2,0.0
1616.2000000000012,6.572763243051196,0.16034833486234,2,0.0
1620.2000000000012,6.595531659486273,0.15777309404913425,2,0.0
1624.2000000000012,6.617812807156698,0.15525296617772277,2,0.0
1628.2000000000012,6.639617114141632,0.1527867717714766,2,0.0
1632.2000000000012,6.660954785348054,0.1503733565958437,2,0.0
1636.2000000000012,6.681835807286883,0.1480115911181412,2,0.0
1640.2000000000012,6.702269952746893,0.1457003699789087,2,0.0
1644.2000000000012,6.722266785368592,0.14343861147457504,2,0.0
1648.2000000000012,6.741835664120231,0.14122525705119685,2,0.0
1652.2000000000012,6.760985747678003,0.1390592708090311,2,0.0
1656.2000000000012,6.779725998712517,0.1369396390177112,2,0.0
1660.2000000000012,6.798065188083524,0.13486536964179768,2,0.0
1664.2000000000012,6.816011898944881,0.13283549187648389,2,0.0
1668.2000000000012,6.833574530761656,0.13084905569323713,2,0.0
1672.2000000000012,6.850761303241274,0.128905131395164,2,0.0
1676.2000000000012,6.867580260180518,0.1270028091818912,2,0.0
1680.2000000000012,6.884039273230212,0.12514119872375853,2,0.0
1684.2000000000012,6.900146045579329,0.12331942874512454,2,0.0
1688.2000000000012,6.915908115560256,0.12153664661658996,2,0.0
1692.2000000000012,6.931332860176907,0.11979201795594772,2,0.0
1696.2000000000012,6.946427498557321,0.11808472623767355,2,0.0
1700.2000000000012,6.961199095332383,0.11641397241077356,2,0.0
1704.2000000000012,6.975654563942227,0.11477897452481017,2,0.0
1708.2000000000012,6.989800669871882,0.11317896736393186,2,0.0
1712.2000000000012,7.003644033817674,0.11161320208873506,2,0.0
1716.2000000000012,7.017191134785857,0.11008094588578995,2,0.0
1720.2000000000012,7.030448313124935,0.10858148162466788,2,0.0
1724.2000000000012,7.04342177349309,0.10711410752230778,2,0.0
1728.2000000000012,7.056117587762103,0.10567813681456581,2,0.0
1732.2000000000012,7.068541697859121,0.10427289743479452,2,0.0
1736.2000000000012,7.080699918547619,0.10289773169930032,2,0.0
1740.2000000000012,7.092597940148834,0.10155199599953292,2,0.0
1744.2000000000012,7.104241331204971,0.1002350605008619,2,0.0
1748.2000000000012,7.115635541085401,0.09894630884779966,2,0.0
1752.2000000000012,7.126785902537088,0.09768513787553373,2,0.0
1756.2000000000012,7.137697634180439,0.09645095732763155,2,0.0
1760.2000000000012,7.148375842951737,0.09524318957978725,2,0.0
1764.2000000000012,7.15882552649329,0.09406126936948063,2,0.0
1768.2000000000012,7.169051575492459,0.09290464353142151,2,0.0
1772.2000000000012,7.179058775970592,0.09177277073865582,2,0.0
1776.2000000000012,7.188851811523005,0.09066512124921242,2,0.0
1780.2000000000012,7.198435265510998,0.08958117665817195,2,0.0
1784.2000000000012,7.207813623206977,0.08852042965504167,2,0.0
1788.2000000000012,7.216991273893665,0.08748238378632273,2,0.0
1792.2000000000012,7.22597251291838,0.08646655322315851,2,0.0
1796.2000000000012,7.234761543703357,0.08547246253395611,2,0.0
1800.2000000000012,7.243362479713041,0.08449964646187355,2,0.0
1804.2000000000012,7.251779346379289,0.08354764970706896,2,0.0
1808.2000000000012,7.260016082985353,0.08261602671361011,2,0.0
1812.2000000000012,7.268076544509563,0.08170434146094409,2,0.0
1816.2000000000012,7.2759645034295355,0.08081216725982979,2,0.0
1820.2000000000012,7.28368365148778,0.07993908655263818,2,0.0
1824.2000000000012,7.291237601419521,0.07908469071792551,2,0.0
1828.2000000000012,7.2986298886435375,0.07824857987918934,2,0.0
1832.2000000000012,7.305863972916818,0.07743036271771724,2,0.0
1836.2000000000012,7.312943239953806,0.07662965628944111,2,0.0
1840.2000000000012,7.31987100301099,0.07584608584571045,2,0.0
1844.2000000000012,7.326650504437581,0.07507928465790158,2,0.0
1848.2000000000012,7.333284917193007,0.0743288938457806,2,0.0
1852.2000000000012,7.339777346331927,0.07359456220953922,2,0.0
1856.2000000000012,7.346130830457474,0.07287594606542508,2,0.0
1860.2000000000012,7.352348343143375,0.07217270908489044,2,0.0
1864.2000000000012,7.358432794325667,0.07148452213718273,2,0.0
1868.2000000000012,7.3643870316646005,0.07081106313530358,2,0.0
1872.2000000000012,7.370213841877415,0.07015201688526539,2,0.0
1876.2000000000012,7.375915952042584,0.06950707493857311,2,0.0
1880.2000000000012,7.381496030876149,0.06887593544786336,2,0.0
1884.2000000000012,7.386956689980738,0.06825830302563328,2,0.0
1888.2000000000012,7.392300485067854,0.06765388860599232,2,0.0
1892.2000000000012,7.397529917154008,0.06706240930937307,2,0.0
1896.2000000000012,7.402647433731251,0.06648358831013713,2,0.0
1900.2000000000012,7.4076554299126505,0.06591715470701444,2,0.0
1904.2000000000012,7.412556249553264,0.06536284339631547,2,0.0
1908.2000000000012,7.417352186347111,0.06482039494785671,2,0.0
1912.2000000000012,7.422045484900677,0.06428955548354147,2,0.0
1916.2000000000012,7.426638341783437,0.0637700765585393,2,0.0
1920.2000000000012,7.4311329065559,0.06326171504500802,2,0.0
1924.2000000000012,7.435531282775657,0.06276423301830454,2,0.0
1928.2000000000012,7.439835528981884,0.062277397645630755,2,0.0
1932.2000000000012,7.444047659658792,0.061800981077062625,2,0.0
1936.2000000000012,7.448169646178449,0.061334760338911096,2,0.0
1940.2000000000012,7.452203417723424,0.0608785172293655,2,0.0
1944.2000000000012,7.456150862189692,0.06043203821637022,2,0.0
1948.2000000000012,7.460013827070212,0.059995114337686804,2,0.0
1952.2000000000012,7.463794120319589,0.05956754110309492,2,0.0
1956.2000000000012,7.467493511200244,0.059149118398686466,2,0.0
1960.2000000000012,7.471113731110465,0.05873965039320756,2,0.0
1964.2000000000012,7.474656474394744,0.058338945446405374,2,0.0
1968.2000000000012,7.478123399136767,0.05794681601933581,2,0.0
1972.2000000000012,7.48151612793543,0.05756307858659119,2,0.0
1976.2000000000012,7.4848362486642595,0.057187553550406445,2,0.0
1980.2000000000012,7.488085315214567,0.056820065156603025,2,0.0
1984.2000000000012,7.491264848222709,0.05646044141233214,2,0.0
1988.2000000000012,7.4943763357817765,0.056108514005578154,2,0.0
1992.2000000000012,7.497421234138056,0.05576411822638493,2,0.0
1996.2000000000012,7.500400968372588,0.055427092889767604,2,0.0
2000.2000000000012,7.503316933068137,0.055097280260274585,2,0.0
2004.2000000000012,7.5061704929618855,0.054774525978163686,2,0.0
2008.2000000000012,7.50896298358416,0.054458678987158324,2,0.0
2012.2000000000012,7.511695711883495,0.05414959146374992,2,0.0
2016.2000000000012,7.514369956838308,0.05384711874801294,2,0.0
2020.2000000000012,7.516986970055498,0.05355111927590101,2,0.0
2024.2000000000012,7.51954797635622,0.05326145451299144,2,0.0
2028.2000000000012,7.522054174349127,0.05297798888964816,2,0.0
2032.2000000000012,7.524506736991352,0.0527005897375723,2,0.0
2036.2000000000012,7.526906812137474,0.05242912722771011,2,0.0
2040.2000000000012,7.529255523076741,0.05216347430949022,2,0.0
2044.2000000000012,7.531553969058795,0.05190350665136112,2,0.0
2048.200000000001,7.533803225808146,0.051649102582601004,2,0.0
2052.200000000001,7.536004346027635,0.05140014303637326,2,0.0
2056.200000000001,7.5381583598911215,0.05115651149400057,2,0.0
2060.200000000001,7.54026627552563,0.05091809393043143,2,0.0
2064.200000000001,7.5423290794831725,0.05068477876087382,2,0.0
2068.200000000001,7.544347737202484,0.05045645678857131,2,0.0
2072.200000000001,7.546323193460862,0.050233021153696,2,0.0
2076.200000000001,7.548256372816346,0.05001436728333631,2,0.0
2080.200000000001,7.550148180040436,0.04980039284255404,2,0.0
2084.200000000001,7.551999500541539,0.04959099768648943,2,0.0
2088.200000000001,7.553811200779366,0.04938608381349133,2,0.0
2092.200000000001,7.555584128670451,0.04918555531924975,2,0.0
2096.200000000001,7.557319113984993,0.04898931835191107,2,0.0
2100.200000000001,7.559016968735216,0.04879728106815283,2,0.0
2104.200000000001,7.560678487555399,0.048609353590199085,2,0.0
2108.200000000001,7.562304448073788,0.04842544796375563,2,0.0
2112.200000000001,7.5638956112765445,0.048245478116845424,2,0.0
2116.200000000001,7.565452721863899,0.048069359819524926,2,0.0
2120.200000000001,7.566976508598692,0.04789701064446258,2,0.0
2124.200000000001,7.568467684647452,0.04772834992836095,2,0.0
2128.200000000001,7.569926947914168,0.047563298734204576,2,0.0
2132.200000000001,7.571354981366931,0.04740177981431545,2,0.0
2136.200000000001,7.572752453357574,0.04724371757419972,2,0.0
2140.200000000001,7.574120017934478,0.04708903803716741,2,0.0
2144.200000000001,7.575458315148679,0.046937668809709863,2,0.0
2148.200000000001,7.576767971353428,0.04678953904761783,2,0.0
2152.200000000001,7.578049599497341,0.046644579422824954,2,0.0
2156.200000000001,7.579303799411266,0.04650272209096047,2,0.0
2160.200000000001,7.580531158089025,0.04636390065959661,2,0.0
2164.200000000001,7.581732249962133,0.04622805015717552,2,0.0
2168.200000000001,7.582907637168651,0.04609510700260103,2,0.0
2172.200000000001,7.5840578698162755,0.045965008975481204,2,0.0
2176.200000000001,7.585183486239805,0.045837695187007955,2,0.0
2180.200000000001,7.586285013253089,0.045713106051459375,2,0.0
2184.200000000001,7.587362966395587,0.04559118325831285,2,0.0
2188.200000000001,7.588417850173663,0.04547186974495398,2,0.0
2192.200000000001,7.589450158296692,0.045355109669969966,2,0.0
2196.200000000001,7.590460373908136,0.0452408483870148,2,0.0
2200.200000000001,7.591448969811665,0.04512903241923343,2,0.0
2204.200000000001,7.592416408692437,0.04501960943423353,2,0.0
2208.200000000001,7.593363143333648,0.0449125282195925,2,0.0
2212.200000000001,7.594289616828441,0.04480773865888905,2,0.0
2216.200000000001,7.5951962627872875,0.044705191708247646,2,0.0
2220.200000000001,7.596083505540927,0.04460483937338463,2,0.0
2224.200000000001,7.59695176033896,0.04450663468714613,2,0.0
2228.200000000001,7.597801433544196,0.044410531687526074,2,0.0
2232.200000000001,7.598632922822839,0.044316485396155264,2,0.0
2236.200000000001,7.5994466173306074,0.04422445179725021,2,0.0
2240.200000000001,7.600242897894866,0.04413438781701297,2,0.0
2244.200000000001,7.601022137192863,0.04404625130347129,2,0.0
2248.200000000001,7.601784699926146,0.04396000100675085,2,0.0
2252.200000000001,7.602530942991256,0.04387559655976939,2,0.0
2256.200000000001,7.603261215646765,0.043792998459343944,2,0.0
2260.200000000001,7.603975859676728,0.04371216804770227,2,0.0
2264.200000000001,7.604675209550656,0.04363306749439041,2,0.0
2268.200000000001,7.605359592580048,0.043555659778567055,2,0.0
2272.200000000001,7.606029329071582,0.043479908671677024,2,0.0
2276.200000000001,7.606684732477026,0.04340577872049543,2,0.0
2280.200000000001,7.607326109539943,0.043333235230534735,2,0.0
2284.200000000001,7.6079537604392495,0.04326224424980711,2,0.0
2288.200000000001,7.6085679789297105,0.043192772552933946,2,0.0
2292.200000000001,7.609169052479419,0.04312478762559564,2,0.0
2296.200000000001,7.609757262404339,0.04305825764931437,2,0.0
2300.200000000001,7.610332883999971,0.042993151486562145,2,0.0
2304.200000000001,7.61089618667019,0.04292943866618779,2,0.0
2308.200000000001,7.61144743405334,0.04286708936915571,2,0.0
2312.200000000001,7.611986884145617,0.042806074414590015,2,0.0
2316.200000000001,7.61251478942182,0.04274636524611709,2,0.0
2320.200000000001,7.613031396953512,0.04268793391850073,2,0.0
2324.200000000001,7.613536948524659,0.04263075308456303,2,0.0
2328.200000000001,7.614031680744787,0.042574795982385304,2,0.0
2332.200000000001,7.6145158251597245,0.04252003642278279,2,0.0
2336.200000000001,7.6149896083599655,0.04246644877704775,2,0.0
2340.200000000001,7.615453252086723,0.04241400796495448,2,0.0
2344.200000000001,7.615906973335709,0.0423626894430213,2,0.0
2348.200000000001,7.616350984458692,0.042312469193023575,2,0.0
2352.200000000001,7.6167854932628805,0.04226332371075277,2,0.0
2356.200000000001,7.617210703108187,0.04221522999501577,2,0.0
2360.200000000001,7.617626813002399,0.04216816553686998,2,0.0
2364.200000000001,7.618034017694325,0.042122108309088434,2,0.0
2368.200000000001,7.618432507764934,0.04207703675585076,2,0.0
2372.200000000001,7.618822469716559,0.042032929782654535,2,0.0
2376.200000000001,7.619204086060181,0.041989766746442385,2,0.0
2380.200000000001,7.619577535400847,0.041947527445940755,2,0.0
2384.200000000001,7.619942992521263,0.041906192112205275,2,0.0
2388.200000000001,7.620300628463598,0.04186574139936831,2,0.0
2392.200000000001,7.620650610609529,0.041826156375584796,2,0.0
2396.200000000001,7.620993102758586,0.041787418514171774,2,0.0
2400.200000000001,7.621328265204814,0.041749509684937146,2,0.0
2404.200000000001,7.621656254811788,0.04171241214569471,2,0.0
2408.200000000001,7.621977225086037,0.041676108533960136,2,0.0
2412.200000000001,7.62229132624888,0.041640581858825104,2,0.0
2416.200000000001,7.622598705306739,0.041605815493005134,2,0.0
2420.200000000001,7.622899506119939,0.041571793165057665,2,0.0
2424.200000000001,7.623193869470039,0.0415384989517666,2,0.0
2428.200000000001,7.62348193312572,0.0415059172706899,2,0.0
2432.200000000001,7.6237638319072625,0.041474032872866676,2,0.0
2436.200000000001,7.624039697749647,0.041442830835680323,2,0.0
2440.200000000001,7.6243096597643065,0.0414122965558744,2,0.0
2444.200000000001,7.624573844299546,0.04138241574271791,2,0.0
2448.200000000001,7.624832374999681,0.041353174411316994,2,0.0
2452.200000000001,7.625085372862903,0.04132455887606964,2,0.0
2456.200000000001,7.625332956297914,0.04129655574426066,2,0.0
2460.200000000001,7.62557524117934,0.04126915190979326,2,0.0
2464.200000000001,7.625812340901964,0.04124233454705554,2,0.0
2468.200000000001,7.626044366433801,0.04121609110491741,2,0.0
2472.200000000001,7.626271426368025,0.041190409300856615,2,0.0
2476.200000000001,7.6264936269738035,0.041165277115210216,2,0.0
2480.200000000001,7.626711072246027,0.04114068278554909,2,0.0
2484.200000000001,7.626923863953982,0.04111661480117262,2,0.0
2488.200000000001,7.627132101688982,0.04109306189772185,2,0.0
2492.200000000001,7.62733588291098,0.041070013051907286,2,0.0
2496.200000000001,7.627535302994179,0.04104745747634969,2,0.0
2500.200000000001,7.627730455271672,0.041025384614531604,2,0.0
2504.200000000001,7.6279214310791215,0.04100378413585621,2,0.0
2508.200000000001,7.6281083197975095,0.04098264593081279,2,0.0
2512.200000000001,7.628291208894966,0.04096196010624503,2,0.0
2516.200000000001,7.62847018396771,0.04094171698072104,2,0.0
2520.200000000001,7.628645328780108,0.04092190708000198,2,0.0
2524.200000000001,7.628816725303879,0.040902521132607825,2,0.0
2528.200000000001,7.628984453756459,0.04088355006547847,2,0.0
2532.200000000001,7.6291485926385425,0.04086498499972693,2,0.0
2536.200000000001,7.629309218770825,0.04084681724648418,2,0.0
2540.200000000001,7.629466407329955,0.04082903830283229,2,0.0
2544.200000000001,7.629620231883721,0.04081163984782507,2,0.0
2548.200000000001,7.62977076442548,0.04079461373859352,2,0.0
2552.200000000001,7.629918075407852,0.04077795200653489,2,0.0
2556.200000000001,7.630062233775699,0.04076164685358315,2,0.0
2560.200000000001,7.630203306998384,0.04074569064855928,2,0.0
2564.200000000001,7.630341361101353,0.040730075923599764,2,0.0
2568.200000000001,7.630476460697039,0.04071479537066149,2,0.0
2572.200000000001,7.630608669015095,0.0406998418381014,2,0.0
2576.200000000001,7.630738047931994,0.040685208327329324,2,0.0
2580.200000000001,7.630864657999984,0.04067088798953246,2,0.0
2584.200000000001,7.630988558475429,0.040656874122470085,2,0.0
2588.200000000001,7.631109807346544,0.04064316016733665,2,0.0
2592.200000000001,7.631228461360531,0.040629739705692135,2,0.0
2596.200000000001,7.631344576050145,0.04061660645645811,2,0.0
2600.200000000001,7.6314582057596745,0.04060375427297804,2,0.0
2604.200000000001,7.631569403670386,0.04059117714014039,2,0.0
2608.200000000001,7.631678221825408,0.04057886917156358,2,0.0
2612.200000000001,7.631784711154086,0.040566824606840905,2,0.0
2616.200000000001,7.631888921495828,0.040555037808844785,2,0.0
2620.200000000001,7.63199090162342,0.040543503261088194,2,0.0
2624.200000000001,7.632090699265862,0.04053221556514286,2,0.0
2628.200000000001,7.632188361130697,0.04052116943811268,2,0.0
2632.200000000001,7.63228393292588,0.04051035971016136,2,0.0
2636.200000000001,7.632377459381162,0.040499781322092684,2,0.0
2640.200000000001,7.632468984269035,0.04048942932298262,2,0.0
2644.200000000001,7.632558550425208,0.04047929886786227,2,0.0
2648.200000000001,7.632646199768658,0.0404693852154505,2,0.0
2652.200000000001,7.632731973321254,0.040459683725934545,2,0.0
2656.200000000001,7.6328159112269525,0.04045018985879868,2,0.0
2660.200000000001,7.632898052770583,0.040440899170699214,2,0.0
2664.200000000001,7.63297843639624,0.04043180731338469,2,0.0
2668.200000000001,7.633057099725271,0.04042291003166116,2,0.0
2672.200000000001,7.633134079573887,0.04041420316140011,2,0.0
2676.200000000001,7.63320941197039,0.0404056826275902,2,0.0
2680.200000000001,7.633283132172041,0.04039734444242963,2,0.0
2684.200000000001,7.633355274681554,0.040389184703459806,2,0.0
2688.200000000001,7.63342587326325,0.04038119959173914,2,0.0
2692.200000000001,7.633494960958855,0.040373385370055304,2,0.0
2696.200000000001,7.633562570102969,0.04036573838117649,2,0.0
2700.200000000001,7.633628732338193,0.040358255046139636,2,0.0
2704.200000000001,7.633693478629945,0.040350931862575296,2,0.0
2708.200000000001,7.633756839280948,0.04034376540306853,2,0.0
2712.200000000001,7.633818843945415,0.04033675231355485,2,0.0
2716.200000000001,7.633879521642926,0.04032988931175031,2,0.0
2720.200000000001,7.63393890077201,0.0403231731856154,2,0.0
2724.200000000001,7.633997009123438,0.04031660079185179,2,0.0
2728.200000000001,7.634053873893227,0.040310169054431105,2,0.0
2732.200000000001,7.634109521695372,0.04030387496315536,2,0.0
2736.200000000001,7.634163978574297,0.040297715572247865,2,0.0
2740.200000000001,7.634217270017048,0.04029168799897501,2,0.0
2744.200000000001,7.634269420965222,0.04028578942229671,2,0.0
2748.200000000001,7.634320455826638,0.04028001708154616,2,0.0
2752.200000000001,7.6343703984867615,0.04027436827513771,2,0.0
2756.200000000001,7.634419272319881,0.04026884035930278,2,0.0
2760.200000000001,7.634467100200052,0.040263430746852236,2,0.0
2764.200000000001,7.634513904511801,0.04025813690596551,2,0.0
2768.200000000001,7.6345597071606015,0.04025295635900571,2,0.0
2772.200000000001,7.6346045295831235,0.040247886681360166,2,0.0
2776.200000000001,7.6346483927572715,0.04024292550030553,2,0.0
2780.200000000001,7.634691317211998,0.04023807049389724,2,0.0
2784.200000000001,7.634733323036916,0.04023331938988299,2,0.0
2788.200000000001,7.634774429891698,0.040228669964639044,2,0.0
2792.200000000001,7.634814657015279,0.04022412004212957,2,0.0
2796.200000000001,7.634854023234859,0.04021966749288833,2,0.0
2800.200000000001,7.634892546974715,0.04021531023302192,2,0.0
2804.200000000001,7.634930246264827,0.040211046223234514,2,0.0
2808.200000000001,7.63496713874931,0.04020687346787344,2,0.0
2812.200000000001,7.635003241694679,0.04020279001399526,2,0.0
2816.200000000001,7.635038571997924,0.04019879395045158,2,0.0
2820.200000000001,7.6350731461944275,0.04019488340699457,2,0.0
2824.200000000001,7.6351069804656895,0.040191056553401744,2,0.0
2828.200000000001,7.635140090646912,0.040187311598619366,2,0.0
2832.200000000001,7.635172492234405,0.04018364678992418,2,0.0
2836.200000000001,7.635204200392843,0.04018006041210331,2,0.0
2840.200000000001,7.635235229962357,0.040176550786651,2,0.0
2844.200000000001,7.635265595465486,0.040173116270983446,2,0.0
2848.200000000001,7.635295311113969,0.04016975525766996,2,0.0
2852.200000000001,7.6353243908154,0.040166466173680596,2,0.0
2856.200000000001,7.635352848179735,0.04016324747964991,2,0.0
2860.200000000001,7.635380696525658,0.04016009766915653,2,0.0
2864.200000000001,7.635407948886826,0.04015701526801826,2,0.0
2868.200000000001,7.635434618017956,0.04015399883360195,2,0.0
2872.200000000001,7.635460716400804,0.040151046954148256,2,0.0
2876.200000000001,7.63548625625,0.04014815824811105,2,0.0
2880.200000000001,7.635511249518769,0.0401453313635109,2,0.0
2884.200000000001,7.635535707904526,0.040142564977301995,2,0.0
2888.200000000001,7.635559642854345,0.04013985779475328,2,0.0
2892.200000000001,7.635583065570319,0.040137208548842375,2,0.0
2896.200000000001,7.635605987014811,0.04013461599966263,2,0.0
2900.200000000001,7.635628417915573,0.04013207893384244,2,0.0
2904.200000000001,7.635650368770772,0.04012959616397781,2,0.0
2908.200000000001,7.635671849853902,0.04012716652807643,2,0.0
2912.200000000001,7.635692871218593,0.04012478888901414,2,0.0
2916.200000000001,7.635713442703318,0.040122462134002196,2,0.0
2920.200000000001,7.635733573935997,0.04012018517406691,2,0.0
2924.200000000001,7.635753274338498,0.040117956943539645,2,0.0
2928.200000000001,7.635772553131055,0.04011577639955832,2,0.0
2932.200000000001,7.635791419336577,0.0401136425215792,2,0.0
2936.200000000001,7.635809881784874,0.04011155431089928,2,0.0
2940.200000000001,7.635827949116785,0.04010951079018903,2,0.0
2944.200000000001,7.635845629788231,0.04010751100303463,2,0.0
2948.200000000001,7.635862932074165,0.04010555401349065,2,0.0
2952.200000000001,7.635879864072445,0.04010363890564183,2,0.0
2956.200000000001,7.635896433707628,0.0401017647831746,2,0.0
2960.200000000001,7.635912648734678,0.040099930768957424,2,0.0
2964.200000000001,7.635928516742592,0.04009813600463025,2,0.0
2968.200000000001,7.635944045157954,0.040096379650203046,2,0.0
2972.200000000001,7.635959241248414,0.040094660883662286,2,0.0
2976.200000000001,7.635974112126084,0.04009297890058655,2,0.0
2980.200000000001,7.63598866475087,0.04009133291376994,2,0.0
2984.200000000001,7.636002905933729,0.04008972215285337,2,0.0
2988.200000000001,7.636016842339855,0.0400881458639644,2,0.0
2992.200000000001,7.636030480491801,0.040086603309364414,2,0.0
2996.200000000001,7.636043826772527,0.04008509376710311,2,0.0
3000.200000000001,7.636056887428394,0.040083616530680814,2,0.0
3004.200000000001,7.636069668572085,0.04008217090871735,2,0.0
3008.200000000001,7.636082176185462,0.0400807562246292,2,0.0
3012.200000000001,7.6360944161223685,0.0400793718163123,2,0.0
3016.200000000001,7.636106394111372,0.040078017035832456,2,0.0
3020.200000000001,7.636118115758441,0.04007669124912185,2,0.0
3024.200000000001,7.636129586549572,0.040075393835682364,2,0.0
3028.200000000001,7.636140811853354,0.040074124188295215,2,0.0
3032.200000000001,7.636151796923479,0.04007288171273684,2,0.0
3036.200000000001,7.636162546901209,0.04007166582750073,2,0.0
3040.200000000001,7.6361730668177765,0.04007047596352525,2,0.0
3044.200000000001,7.636183361596738,0.04006931156392718,2,0.0
3048.200000000001,7.636193436056284,0.04006817208374125,2,0.0
3052.200000000001,7.636203294911486,0.04006705698966509,2,0.0
3056.200000000001,7.636212942776512,0.04006596575980963,2,0.0
3060.200000000001,7.63622238416678,0.04006489788345458,2,0.0
3064.200000000001,7.636231623501074,0.04006385286080984,2,0.0
3068.200000000001,7.63624066510361,0.04006283020278119,2,0.0
3072.200000000001,7.636249513206062,0.04006182943074166,2,0.0
3076.200000000001,7.6362581719495415,0.040060850076307344,2,0.0
3080.200000000001,7.636266645386534,0.040059891681118294,2,0.0
3084.200000000001,7.636274937482801,0.04005895379662408,2,0.0
3088.200000000001,7.6362830521192295,0.040058035983873495,2,0.0
3092.200000000001,7.636290993093652,0.04005713781330958,2,0.0
3096.200000000001,7.636298764122622,0.040056258864568275,2,0.0
3100.200000000001,7.63630636884316,0.040055398726281735,2,0.0
3104.200000000001,7.636313810814443,0.04005455699588583,2,0.0
3108.200000000001,7.636321093519482,0.04005373327943191,2,0.0
3112.200000000001,7.636328220366748,0.04005292719140199,2,0.0
3116.200000000001,7.636335194691766,0.04005213835452865,2,0.0
3120.200000000001,7.636342019758677,0.040051366399618524,2,0.0
3124.200000000001,7.6363486987617675,0.04005061096537932,2,0.0
3128.200000000001,7.636355234826959,0.04004987169825076,2,0.0
3132.200000000001,7.636361631013279,0.04004914825223922,2,0.0
3136.200000000001,7.636367890314286,0.04004844028875565,2,0.0
3140.200000000001,7.636374015659474,0.040047747476457125,2,0.0
3144.200000000001,7.6363800099156425,0.040047069491092005,2,0.0
3148.200000000001,7.636385875888238,0.04004640601534782,2,0.0
3152.200000000001,7.63639161632267,0.0400457567387029,2,0.0
3156.200000000001,7.636397233905588,0.040045121357281215,2,0.0
3160.200000000001,7.636402731266148,0.04004449957371002,2,0.0
3164.200000000001,7.636408110977241,0.04004389109698049,2,0.0
3168.200000000001,7.6364133755566925,0.04004329564231181,2,0.0
3172.200000000001,7.636418527468443,0.04004271293101766,2,0.0
3176.200000000001,7.6364235691237035,0.04004214269037618,2,0.0
3180.200000000001,7.636428502882082,0.04004158465350192,2,0.0
3184.200000000001,7.63643333105269,0.04004103855922094,2,0.0
3188.200000000001,7.636438055895219,0.040040504151948854,2,0.0
3192.200000000001,7.636442679621002,0.040039981181571094,2,0.0
3196.200000000001,7.636447204394046,0.04003946940332563,2,0.0
3200.200000000001,7.636451632332048,0.04003896857768881,2,0.0
3204.200000000001,7.636455965507383,0.040038478470262796,2,0.0
3208.200000000001,7.636460205948074,0.0400379988516664,2,0.0
3212.200000000001,7.636464355638742,0.040037529497427324,2,0.0
3216.200000000001,7.636468416521536,0.04003707018787721,2,0.0
3220.200000000001,7.636472390497042,0.04003662070804876,2,0.0
3224.200000000001,7.636476279425169,0.04003618084757529,2,0.0
3228.200000000001,7.636480085126023,0.04003575040059228,2,0.0
3232.200000000001,7.636483809380759,0.040035329165640746,2,0.0
3236.200000000001,7.636487453932411,0.04003491694557326,2,0.0
3240.200000000001,7.6364910204867105,0.040034513547461605,2,0.0
3244.200000000001,7.636494510712887,0.040034118782506276,2,0.0
3248.200000000001,7.636497926244443,0.04003373246594848,2,0.0
3252.200000000001,7.636501268679926,0.040033354416983316,2,0.0
3256.200000000001,7.6365045395836715,0.040032984458675334,2,0.0
3260.200000000001,7.636507740486534,0.04003262241787573,2,0.0
3264.200000000001,7.6365108728866105,0.04003226812514125,2,0.0
3268.200000000001,7.636513938249934,0.040031921414654864,2,0.0
3272.200000000001,7.636516938011163,0.040031582124148264,2,0.0
3276.200000000001,7.636519873574253,0.04003125009482587,2,0.0
3280.200000000001,7.636522746313115,0.040030925171290525,2,0.0
3284.200000000001,7.636525557572254,0.04003060720147069,2,0.0
3288.200000000001,7.636528308667403,0.04003029603654926,2,0.0
3292.200000000001,7.636531000886138,0.04002999153089413,2,0.0
3296.200000000001,7.636533635488477,0.040029693541989694,2,0.0
3300.200000000001,7.6365362137074735,0.04002940193037042,2,0.0
3304.200000000001,7.636538736749792,0.04002911655955557,2,0.0
3308.200000000001,7.636541205796274,0.040028837295985116,2,0.0
3312.200000000001,7.636543622002486,0.04002856400895739,2,0.0
3316.200000000001,7.636545986499269,0.040028296570568014,2,0.0
3320.200000000001,7.636548300393262,0.04002803485564976,2,0.0
3324.200000000001,7.6365505647674174,0.04002777874171411,2,0.0
3328.200000000001,7.636552780681514,0.04002752810889401,2,0.0
3332.200000000001,7.636554949172649,0.04002728283988768,2,0.0
3336.200000000001,7.636557071255726,0.04002704281990365,2,0.0
3340.200000000001,7.636559147923927,0.04002680793660716,2,0.0
3344.200000000001,7.63656118014918,0.04002657808006754,2,0.0
3348.200000000001,7.636563168882613,0.0400263531427068,2,0.0
3352.200000000001,7.636565115054998,0.04002613301924904,2,0.0
3356.200000000001,7.6365670195771855,0.040025917606671624,2,0.0
3360.200000000001,7.636568883340536,0.04002570680415665,2,0.0
